item_type,item_is_discounted,total_sales,avg_sale,order_count
type1,False,824240.0,31701.53846153846,26
type1,True,1459720.0,31057.872340425532,47
type2,False,1386040.0,33805.85365853659,41
type2,True,818800.0,37218.181818181816,22
type3,False,838720.0,28921.379310344826,29
type3,True,980400.0,28011.428571428572,35
